2002-05-16,2.54
2002-05-17,10.16
2002-05-18,7.62
2002-05-19,2.54
2002-05-20,2.54
2002-05-21,0
2002-05-22,2.54
2002-05-23,0
2002-05-24,0
2002-05-25,2.54
2002-05-26,20.32
2002-05-27,2.54
2002-05-28,0
2002-05-29,53.34
2002-05-30,0
2002-05-31,0
2002-06-01,2.54
2002-06-02,15.24
2002-06-03,2.54
2002-06-04,0
2002-06-05,0
2002-06-06,0
2002-06-07,0
2002-06-08,0
2002-06-09,0
2002-06-10,2.54
2002-06-11,0
2002-06-12,0
2002-06-13,0
2002-06-14,0
2002-06-15,0
2002-06-16,2.54
2002-06-17,0
2002-06-18,2.54
2002-06-19,0
2002-06-20,12.7
2002-06-21,20.32
2002-06-22,5.08
2002-06-23,55.88
2002-06-24,10.16
2002-06-25,30.48
2002-06-26,25.4
2002-06-27,15.24
2002-06-28,10.16
2002-06-29,7.62
2002-06-30,25.4
2002-07-01,50.8
2002-07-02,78.74
2002-07-03,48.26
2002-07-04,7.62
2002-07-05,76.2
2002-07-06,0
2002-07-07,40.64
2002-07-08,0
2002-07-09,15.24
2002-07-10,10.16
2002-07-11,60.96
2002-07-12,0
2002-07-13,0
2002-07-14,35.56
2002-07-15,40.64
2002-07-16,0
2002-07-17,40.64
2002-07-18,5.08
2002-07-19,0
2002-07-20,0
2002-07-21,5.08
2002-07-22,0
2002-07-23,2.54
2002-07-24,0
2002-07-25,10.16
2002-07-26,20.32
2002-07-27,0
2002-07-28,22.86
2002-07-29,5.08
2002-07-30,0
2002-07-31,22.86
2002-08-01,12.7
2002-08-02,0
2002-08-03,15.24
2002-08-04,40.64
2002-08-05,2.54
2002-08-06,124.46
2002-08-07,17.78
2002-08-08,45.72
2002-08-09,5.08
2002-08-10,0
2002-08-11,0
2002-08-12,43.18
2002-08-13,2.54
2002-08-14,45.72
2002-08-15,40.64
2002-08-16,5.08
2002-08-17,12.7
2002-08-18,12.7
2002-08-19,40.64
2002-08-20,15.24
2002-08-21,7.62
2002-08-22,60.96
2002-08-23,7.62
2002-08-24,0
2002-08-25,12.7
2002-08-26,0
2002-08-27,10.16
2002-08-28,0
2002-08-29,0
2002-08-30,5.08
2002-08-31,2.54
2002-09-01,0
2002-09-02,10.16
2002-09-03,0
2002-09-04,0
2002-09-05,0
2002-09-06,2.54
2002-09-07,0
2002-09-08,0
2002-09-09,0
2002-09-10,5.08
2002-09-11,0
2002-09-12,2.54
2002-09-13,0
2002-09-14,0
2002-09-15,33.02
2002-09-16,10.16
2002-09-17,30.48
2002-09-18,2.54
2002-09-19,0
2002-09-20,0
2002-09-21,0
2002-09-22,0
2002-09-23,2.54
2002-09-24,0
2002-09-25,0
2002-09-26,35.56
2002-09-27,0
2002-09-28,35.56
2002-09-29,0
2002-09-30,0
2002-10-01,0
2002-10-02,0
2002-10-03,2.54
2002-10-04,7.62
2002-10-05,0
2002-10-06,20.32
2002-10-07,17.78
2002-10-08,0
2002-10-09,0
2002-10-10,0
2002-10-11,15.24
2002-10-12,0
2002-10-13,0
2002-10-14,0
2002-10-15,0
2002-10-16,0
2002-10-17,0
2002-10-18,17.78
2002-10-19,15.24
2002-10-20,0
2002-10-21,0
2002-10-22,0
2002-10-23,0
2002-10-24,5.08
2002-10-25,5.08
2002-10-26,0
2002-10-27,40.64
2002-10-28,0
2002-10-29,5.08
2002-10-30,0
2002-10-31,33.02
2002-11-01,2.54
2002-11-02,12.7
2002-11-03,5.08
2002-11-04,0
2002-11-05,2.54
2002-11-06,10.16
2002-11-07,7.62
2002-11-08,2.54
2002-11-09,2.54
2002-11-10,0
2002-11-11,10.16
2002-11-12,2.54
2002-11-13,0
2002-11-14,2.54
2002-11-15,0
2002-11-16,5.08
2002-11-17,33.02
2002-11-18,231.14
2002-11-19,12.7
2002-11-20,0
2002-11-21,0
2002-11-22,40.64
2002-11-23,48.26
2002-11-24,83.82
2002-11-25,5.08
2002-11-26,5.08
2002-11-27,7.62
2002-11-28,12.7
2002-11-29,22.86
2002-11-30,63.5
2002-12-01,40.64
2002-12-02,25.4
2002-12-03,10.16
2002-12-04,12.7
2002-12-05,15.24
2002-12-06,0
2002-12-07,2.54
2002-12-08,12.7
2002-12-09,0
2002-12-10,0
2002-12-11,2.54
2002-12-12,5.08
2002-12-13,0
2002-12-14,0
2002-12-15,10.16
2002-12-16,0
2002-12-17,0
2002-12-18,0
2002-12-19,0
2002-12-20,0
2002-12-21,0
2002-12-22,0
2002-12-23,0
2002-12-24,0
2002-12-25,10.16
2002-12-26,5.08
2002-12-27,12.7
2002-12-28,15.24
2002-12-29,0
2002-12-30,2.54
2002-12-31,5.08
2003-01-01,0
2003-01-02,0
2003-01-03,0
2003-01-04,2.54
2003-01-05,10.16
2003-01-06,17.78
2003-01-07,5.08
2003-01-08,0
2003-01-09,10.16
2003-01-10,0
2003-01-11,7.62
2003-01-12,0
2003-01-13,0
2003-01-14,5.08
2003-01-15,0
2003-01-16,2.54
2003-01-17,0
2003-01-18,0
2003-01-19,0
2003-01-20,0
2003-01-21,0
2003-01-22,0
2003-01-23,0
2003-01-24,0
2003-01-25,17.78
2003-01-26,12.7
2003-01-27,2.54
2003-01-28,0
2003-01-29,0
2003-01-30,0
2003-01-31,0
2003-02-01,2.54
2003-02-02,0
2003-02-03,0
2003-02-04,0
2003-02-05,0
2003-02-06,0
2003-02-07,0
2003-02-08,2.54
2003-02-09,0
2003-02-10,12.7
2003-02-11,15.24
2003-02-12,15.24
2003-02-13,2.54
2003-02-14,2.54
2003-02-15,0
2003-02-16,2.54
2003-02-17,22.86
2003-02-18,0
2003-02-19,0
2003-02-20,7.62
2003-02-21,0
2003-02-22,0
2003-02-23,0
2003-02-24,0
2003-02-25,12.7
2003-02-26,0
2003-02-27,0
2003-02-28,2.54
2003-03-01,5.08
2003-03-02,0
2003-03-03,0
2003-03-04,0
2003-03-05,0
2003-03-06,0
2003-03-07,2.54
2003-03-08,0
2003-03-09,0
2003-03-10,2.54
2003-03-11,0
2003-03-12,0
2003-03-13,2.54
2003-03-14,27.94
2003-03-15,0
2003-03-16,0
2003-03-17,0
2003-03-18,0
2003-03-19,0
2003-03-20,0
2003-03-21,45.72
2003-03-22,2.54
2003-03-23,0
2003-03-24,0
2003-03-25,0
2003-03-26,0
2003-03-27,2.54
2003-03-28,0
2003-03-29,0
2003-03-30,2.54
2003-03-31,0
2003-04-01,48.26
2003-04-02,15.24
2003-04-03,2.54
2003-04-04,0
2003-04-05,0
2003-04-06,7.62
2003-04-07,15.24
2003-04-08,2.54
2003-04-09,25.4
2003-04-10,2.54
2003-04-11,0
2003-04-12,0
2003-04-13,0
2003-04-14,7.62
2003-04-15,0
2003-04-16,0
2003-04-17,0
2003-04-18,22.86
2003-04-19,0
2003-04-20,0
2003-04-21,0
2003-04-22,0
2003-04-23,0
2003-04-24,0
2003-04-25,25.4
2003-04-26,0
2003-04-27,0
2003-04-28,45.72
2003-04-29,0
2003-04-30,0
2003-05-01,0
2003-05-02,0
2003-05-03,5.08
2003-05-04,0
2003-05-05,35.56
2003-05-06,2.54
2003-05-07,33.02
2003-05-08,12.7
2003-05-09,12.7
2003-05-10,2.54
2003-05-11,12.7
2003-05-12,0
2003-05-13,53.34
2003-05-14,81.28
2003-05-15,0
2003-05-16,81.28
2003-05-17,132.08
2003-05-18,38.1
2003-05-19,0
2003-05-20,0
2003-05-21,7.62
2003-05-22,17.78
2003-05-23,2.54
2003-05-24,0
2003-05-25,0
2003-05-26,2.54
2003-05-27,33.02
2003-05-28,0
2003-05-29,0
2003-05-30,0
2003-05-31,0
2003-06-01,0
2003-06-02,0
2003-06-03,0
2003-06-04,0
2003-06-05,2.54
2003-06-06,17.78
2003-06-07,0
2003-06-08,2.54
2003-06-09,0
2003-06-10,7.62
2003-06-11,0
2003-06-12,15.24
2003-06-13,0
2003-06-14,2.54
2003-06-15,0
2003-06-16,2.54
2003-06-17,10.16
2003-06-18,0
2003-06-19,0
2003-06-20,2.54
2003-06-21,12.7
2003-06-22,15.24
2003-06-23,25.4
2003-06-24,0
2003-06-25,0
2003-06-26,0
2003-06-27,0
2003-06-28,2.54
2003-06-29,68.58
2003-06-30,17.78
2003-07-01,33.02
2003-07-02,0
2003-07-03,0
2003-07-04,0
2003-07-05,0
2003-07-06,0
2003-07-07,0
2003-07-08,2.54
2003-07-09,27.94
2003-07-10,0
2003-07-11,2.54
2003-07-12,7.62
2003-07-13,0
2003-07-14,0
2003-07-15,15.24
2003-07-16,30.48
2003-07-17,0
2003-07-18,0
2003-07-19,10.16
2003-07-20,7.62
2003-07-21,7.62
2003-07-22,17.78
2003-07-23,27.94
2003-07-24,2.54
2003-07-25,0
2003-07-26,12.7
2003-07-27,0
2003-07-28,0
2003-07-29,10.16
2003-07-30,27.94
2003-07-31,22.86
2003-08-01,40.64
2003-08-02,17.78
2003-08-03,0
2003-08-04,0
2003-08-05,0
2003-08-06,35.56
2003-08-07,0
2003-08-08,15.24
2003-08-09,17.78
2003-08-10,0
2003-08-11,0
2003-08-12,7.62
2003-08-13,101.6
2003-08-14,7.62
2003-08-15,0
2003-08-16,0
2003-08-17,5.08
2003-08-18,0
2003-08-19,30.48
2003-08-20,0
2003-08-21,5.08
2003-08-22,2.54
2003-08-23,0
2003-08-24,0
2003-08-25,2.54
2003-08-26,0
2003-08-27,2.54
2003-08-28,0
2003-08-29,2.54
2003-08-30,2.54
2003-08-31,0
2003-09-01,0
2003-09-02,0
2003-09-03,0
2003-09-04,2.54
2003-09-05,0
2003-09-06,0
2003-09-07,0
2003-09-08,2.54
2003-09-09,0
2003-09-10,2.54
2003-09-11,2.54
2003-09-12,0
2003-09-13,10.16
2003-09-14,25.4
2003-09-15,0
2003-09-16,2.54
2003-09-17,0
2003-09-18,2.54
2003-09-19,2.54
2003-09-20,2.54
2003-09-21,0
2003-09-22,0
2003-09-23,0
2003-09-24,2.54
2003-09-25,0
2003-09-26,0
2003-09-27,0
2003-09-28,0
2003-09-29,2.54
2003-09-30,5.08
2003-10-01,0
2003-10-02,12.7
2003-10-03,12.7
2003-10-04,2.54
2003-10-05,2.54
2003-10-06,0
2003-10-07,0
2003-10-08,0
2003-10-09,0
2003-10-10,0
2003-10-11,2.54
2003-10-12,10.16
2003-10-13,0
2003-10-14,2.54
2003-10-15,0
2003-10-16,12.7
2003-10-17,12.7
2003-10-18,2.54
2003-10-19,0
2003-10-20,0
2003-10-21,2.54
2003-10-22,0
2003-10-23,0
2003-10-24,5.08
2003-10-25,0
2003-10-26,25.4
2003-10-27,0
2003-10-28,0
2003-10-29,2.54
2003-10-30,0
2003-10-31,0
2003-11-01,0
2003-11-02,2.54
2003-11-03,0
2003-11-04,0
2003-11-05,0
2003-11-06,15.24
2003-11-07,2.54
2003-11-08,0
2003-11-09,0
2003-11-10,38.1
2003-11-11,0
2003-11-12,0
2003-11-13,30.48
2003-11-14,0
2003-11-15,0
2003-11-16,0
2003-11-17,45.72
2003-11-18,0
2003-11-19,7.62
2003-11-20,7.62
2003-11-21,0
2003-11-22,2.54
2003-11-23,0
2003-11-24,0
2003-11-25,5.08
2003-11-26,0
2003-11-27,0
2003-11-28,7.62
2003-11-29,40.64
2003-11-30,0
2003-12-01,86.36
2003-12-02,10.16
2003-12-03,0
2003-12-04,5.08
2003-12-05,0
2003-12-06,22.86
2003-12-07,27.94
2003-12-08,33.02
2003-12-09,63.5
2003-12-10,12.7
2003-12-11,40.64
2003-12-12,0
2003-12-13,0
2003-12-14,2.54
2003-12-15,10.16
2003-12-16,12.7
2003-12-17,73.66
2003-12-18,12.7
2003-12-19,60.96
2003-12-20,10.16
2003-12-21,35.56
2003-12-22,2.54
2003-12-23,5.08
2003-12-24,0
2003-12-25,2.54
2003-12-26,0
2003-12-27,0
2003-12-28,2.54
2003-12-29,10.16
2003-12-30,7.62
2003-12-31,2.54
2004-01-01,10.16
2004-01-02,0
2004-01-03,38.1
2004-01-04,5.08
2004-01-05,5.08
2004-01-06,0
2004-01-07,30.48
2004-01-08,2.54
2004-01-09,2.54
2004-01-10,0
2004-01-11,0
2004-01-12,2.54
2004-01-13,0
2004-01-14,0
2004-01-15,0
2004-01-16,0
2004-01-17,0
2004-01-18,0
2004-01-19,0
2004-01-20,0
2004-01-21,0
2004-01-22,0
2004-01-23,2.54
2004-01-24,12.7
2004-01-25,0
2004-01-26,0
2004-01-27,0
2004-01-28,0
2004-01-29,0
2004-01-30,2.54
2004-01-31,0
2004-02-01,0
2004-02-02,2.54
2004-02-03,0
2004-02-04,0
2004-02-05,0
2004-02-06,2.54
2004-02-07,7.62
2004-02-08,2.54
2004-02-09,30.48
2004-02-10,22.86
2004-02-11,7.62
2004-02-12,5.08
2004-02-13,0
2004-02-14,0
2004-02-15,2.54
2004-02-16,2.54
2004-02-17,12.7
2004-02-18,35.56
2004-02-19,5.08
2004-02-20,0
2004-02-21,0
2004-02-22,0
2004-02-23,0
2004-02-24,0
2004-02-25,0
2004-02-26,0
2004-02-27,2.54
2004-02-28,0
2004-02-29,10.16
2004-03-01,2.54
2004-03-02,12.7
2004-03-03,7.62
2004-03-04,5.08
2004-03-05,25.4
2004-03-06,15.24
2004-03-07,22.86
2004-03-08,55.88
2004-03-09,10.16
2004-03-10,5.08
2004-03-11,7.62
2004-03-12,30.48
2004-03-13,5.08
2004-03-14,2.54
2004-03-15,5.08
2004-03-16,2.54
2004-03-17,10.16
2004-03-18,15.24
2004-03-19,5.08
2004-03-20,0
2004-03-21,0
2004-03-22,5.08
2004-03-23,0
2004-03-24,0
2004-03-25,2.54
2004-03-26,0
2004-03-27,0
2004-03-28,0
2004-03-29,10.16
2004-03-30,2.54
2004-03-31,0
2004-04-01,0
2004-04-02,0
2004-04-03,0
2004-04-04,0
2004-04-05,5.08
2004-04-06,5.08
2004-04-07,20.32
2004-04-08,17.78
2004-04-09,0
2004-04-10,2.54
2004-04-11,0
2004-04-12,2.54
2004-04-13,15.24
2004-04-14,0
2004-04-15,0
2004-04-16,53.34
2004-04-17,10.16
2004-04-18,5.08
2004-04-19,12.7
2004-04-20,12.7
2004-04-21,0
2004-04-22,48.26
2004-04-23,0
2004-04-24,2.54
2004-04-25,0
2004-04-26,10.16
2004-04-27,0
2004-04-28,12.7
2004-04-29,119.38
2004-04-30,22.86
2004-05-01,5.08
2004-05-02,12.7
2004-05-03,0
2004-05-04,17.78
2004-05-05,25.4
2004-05-06,12.7
2004-05-07,106.68
2004-05-08,58.42
2004-05-09,86.36
2004-05-10,55.88
2004-05-11,5.08
2004-05-12,10.16
2004-05-13,33.02
2004-05-14,45.72
2004-05-15,66.04
2004-05-16,2.54
2004-05-17,0
2004-05-18,5.08
2004-05-19,5.08
2004-05-20,2.54
2004-05-21,0
2004-05-22,25.4
2004-05-23,0
2004-05-24,0
2004-05-25,0
2004-05-26,2.54
2004-05-27,2.54
2004-05-28,17.78
2004-05-29,0
2004-05-30,0
2004-05-31,0
2004-06-01,0
2004-06-02,55.88
2004-06-03,0
2004-06-04,0
2004-06-05,17.78
2004-06-06,0
2004-06-07,2.54
2004-06-08,0
2004-06-09,0
2004-06-10,12.7
2004-06-11,0
2004-06-12,0
2004-06-13,0
2004-06-14,0
2004-06-15,0
2004-06-16,38.1
2004-06-17,17.78
2004-06-18,0
2004-06-19,15.24
2004-06-20,0
2004-06-21,25.4
2004-06-22,0
2004-06-23,2.54
2004-06-24,38.1
2004-06-25,17.78
2004-06-26,2.54
2004-06-27,58.42
2004-06-28,0
2004-06-29,12.7
2004-06-30,30.48
2004-07-01,12.7
2004-07-02,0
2004-07-03,17.78
2004-07-04,0
2004-07-05,0
2004-07-06,0
2004-07-07,2.54
2004-07-08,0
2004-07-09,0
2004-07-10,2.54
2004-07-11,93.98
2004-07-12,22.86
2004-07-13,0
2004-07-14,0
2004-07-15,12.7
2004-07-16,0
2004-07-17,2.54
2004-07-18,2.54
2004-07-19,0
2004-07-20,7.62
2004-07-21,0
2004-07-22,27.94
2004-07-23,0
2004-07-24,0
2004-07-25,0
2004-07-26,2.54
2004-07-27,5.08
2004-07-28,0
2004-07-29,15.24
2004-07-30,0
2004-07-31,0
2004-08-01,0
2004-08-02,7.62
2004-08-03,12.7
2004-08-04,33.02
2004-08-05,45.72
2004-08-06,0
2004-08-07,35.56
2004-08-08,0
2004-08-09,5.08
2004-08-10,0
2004-08-11,10.16
2004-08-12,0
2004-08-13,0
2004-08-14,5.08
2004-08-15,22.86
2004-08-16,10.16
2004-08-17,15.24
2004-08-18,2.54
2004-08-19,30.48
2004-08-20,10.16
2004-08-21,0
2004-08-22,0
2004-08-23,0
2004-08-24,0
2004-08-25,0
2004-08-26,17.78
2004-08-27,0
2004-08-28,7.62
2004-08-29,0
2004-08-30,0
2004-08-31,2.54
2004-09-01,0
2004-09-02,0
2004-09-03,0
2004-09-04,35.56
2004-09-05,0
2004-09-06,0
2004-09-07,35.56
2004-09-08,0
2004-09-09,0
2004-09-10,0
2004-09-11,0
2004-09-12,0
2004-09-13,0
2004-09-14,5.08
2004-09-15,5.08
2004-09-16,7.62
2004-09-17,0
2004-09-18,10.16
2004-09-19,0
2004-09-20,0
2004-09-21,0
2004-09-22,0
2004-09-23,0
2004-09-24,0
2004-09-25,0
2004-09-26,0
2004-09-27,5.08
2004-09-28,0
2004-09-29,38.1
2004-09-30,10.16
2004-10-01,0
2004-10-02,0
2004-10-03,5.08
2004-10-04,0
2004-10-05,0
2004-10-06,2.54
2004-10-07,0
2004-10-08,0
2004-10-09,2.54
2004-10-10,5.08
2004-10-11,0
2004-10-12,2.54
2004-10-13,0
2004-10-14,0
2004-10-15,5.08
2004-10-16,35.56
2004-10-17,48.26
2004-10-18,0
2004-10-19,0
2004-10-20,0
2004-10-21,2.54
2004-10-22,5.08
2004-10-23,0
2004-10-24,0
2004-10-25,0
2004-10-26,0
2004-10-27,7.62
2004-10-28,0
2004-10-29,7.62
2004-10-30,2.54
2004-10-31,0
2004-11-01,0
2004-11-02,10.16
2004-11-03,0
2004-11-04,0
2004-11-05,50.8
2004-11-06,7.62
2004-11-07,10.16
2004-11-08,12.7
2004-11-09,139.7
2004-11-10,43.18
2004-11-11,2.54
2004-11-12,0
2004-11-13,0
2004-11-14,2.54
2004-11-15,15.24
2004-11-16,35.56
2004-11-17,35.56
2004-11-18,0
2004-11-19,27.94
2004-11-20,20.32
2004-11-21,27.94
2004-11-22,10.16
2004-11-23,53.34
2004-11-24,2.54
2004-11-25,0
2004-11-26,124.46
2004-11-27,7.62
2004-11-28,0
2004-11-29,0
2004-11-30,5.08
2004-12-01,5.08
2004-12-02,10.16
2004-12-03,0
2004-12-04,0
2004-12-05,0
2004-12-06,53.34
2004-12-07,81.28
2004-12-08,127
2004-12-09,63.5
2004-12-10,7.62
2004-12-11,0
2004-12-12,0
2004-12-13,0
2004-12-14,27.94
2004-12-15,0
2004-12-16,10.16
2004-12-17,45.72
2004-12-18,0
2004-12-19,20.32
2004-12-20,40.64
2004-12-21,7.62
2004-12-22,0
2004-12-23,0
2004-12-24,5.08
2004-12-25,0
2004-12-26,5.08
2004-12-27,2.54
2004-12-28,0
2004-12-29,25.4
2004-12-30,2.54
2004-12-31,7.62
2005-01-01,5.08
2005-01-02,17.78
2005-01-03,35.56
2005-01-04,7.62
2005-01-05,0
2005-01-06,7.62
2005-01-07,5.08
2005-01-08,106.68
2005-01-09,121.92
2005-01-10,81.28
2005-01-11,0
2005-01-12,0
2005-01-13,0
2005-01-14,2.54
2005-01-15,66.04
2005-01-16,33.02
2005-01-17,20.32
2005-01-18,35.56
2005-01-19,43.18
2005-01-20,27.94
2005-01-21,7.62
2005-01-22,0
2005-01-23,0
2005-01-24,7.62
2005-01-25,2.54
2005-01-26,2.54
2005-01-27,5.08
2005-01-28,2.54
2005-01-29,0
2005-01-30,0
2005-01-31,5.08
2005-02-01,7.62
2005-02-02,0
2005-02-03,0
2005-02-04,0
2005-02-05,10.16
2005-02-06,0
2005-02-07,5.08
2005-02-08,2.54
2005-02-09,2.54
2005-02-10,0
2005-02-11,10.16
2005-02-12,0
2005-02-13,7.62
2005-02-14,5.08
2005-02-15,5.08
2005-02-16,2.54
2005-02-17,0
2005-02-18,20.32
2005-02-19,2.54
2005-02-20,0
2005-02-21,7.62
2005-02-22,12.7
2005-02-23,5.08
2005-02-24,5.08
2005-02-25,0
2005-02-26,0
2005-02-27,0
2005-02-28,0
2005-03-01,0
2005-03-02,0
2005-03-03,0
2005-03-04,0
2005-03-05,5.08
2005-03-06,0
2005-03-07,2.54
2005-03-08,0
2005-03-09,0
2005-03-10,2.54
2005-03-11,0
2005-03-12,0
2005-03-13,0
2005-03-14,0
2005-03-15,0
2005-03-16,0
2005-03-17,0
2005-03-18,0
2005-03-19,0
2005-03-20,12.7
2005-03-21,10.16
2005-03-22,0
2005-03-23,0
2005-03-24,2.54
2005-03-25,0
2005-03-26,0
2005-03-27,0
2005-03-28,7.62
2005-03-29,22.86
2005-03-30,0
2005-03-31,0
2005-04-01,10.16
2005-04-02,0
2005-04-03,0
2005-04-04,2.54
2005-04-05,27.94
2005-04-06,127
2005-04-07,45.72
2005-04-08,33.02
2005-04-09,43.18
2005-04-10,0
2005-04-11,0
2005-04-12,0
2005-04-13,0
2005-04-14,0
2005-04-15,0
2005-04-16,0
2005-04-17,0
2005-04-18,0
2005-04-19,0
2005-04-20,0
2005-04-21,0
2005-04-22,0
2005-04-23,0
2005-04-24,0
2005-04-25,0
2005-04-26,0
2005-04-27,0
2005-04-28,0
2005-04-29,0
2005-04-30,0
2005-05-01,0
2005-05-02,0
2005-05-03,0
2005-05-04,0
2005-05-05,0
2005-05-06,0
2005-05-07,0
2005-05-08,0
2005-05-09,0
2005-05-10,0
2005-05-11,0
2005-05-12,0
2005-05-13,0
2005-05-14,0
2005-05-15,0
2005-05-16,0
2005-05-17,0
2005-05-18,0
2005-05-19,0
2005-05-20,0
2005-05-21,0
2005-05-22,0
2005-05-23,0
2005-05-24,0
2005-05-25,0
2005-05-26,0
2005-05-27,0
2005-05-28,0
2005-05-29,0
2005-05-30,0
2005-05-31,0
2005-06-01,0
2005-06-02,0
2005-06-03,0.25
2005-06-04,4.32
2005-06-05,52.32
2005-06-06,0.25
2005-06-07,0
2005-06-08,0
2005-06-09,0
2005-06-10,1.02
2005-06-11,0
2005-06-12,0
2005-06-13,0
2005-06-14,5.84
2005-06-15,0
2005-06-16,0
2005-06-17,0
2005-06-18,0
2005-06-19,0
2005-06-20,7.62
2005-06-21,0
2005-06-22,1.02
2005-06-23,1.78
2005-06-24,11.43
2005-06-25,0.51
2005-06-26,11.94
2005-06-27,0
2005-06-28,9.14
2005-06-29,63.25
2005-06-30,0.51
2005-07-01,0
2005-07-02,0
2005-07-03,0
2005-07-04,1.02
2005-07-05,0
2005-07-06,0
2005-07-07,0
2005-07-08,0
2005-07-09,0
2005-07-10,0
2005-07-11,16.26
2005-07-12,3.3
2005-07-13,0.25
2005-07-14,35.31
2005-07-15,1.27
2005-07-16,1.78
2005-07-17,0.25
2005-07-18,8.13
2005-07-19,1.02
2005-07-20,27.69
2005-07-21,0.76
2005-07-22,7.11
2005-07-23,0
2005-07-24,1.02
2005-07-25,47.24
2005-07-26,21.59
2005-07-27,33.78
2005-07-28,58.93
2005-07-29,17.53
2005-07-30,19.56
2005-07-31,89.41
2005-08-01,0
2005-08-02,22.1
2005-08-03,11.43
2005-08-04,0.25
2005-08-05,109.73
2005-08-06,0.25
2005-08-07,29.46
2005-08-08,18.54
2005-08-09,0.51
2005-08-10,0
2005-08-11,0
2005-08-12,3.56
2005-08-13,4.32
2005-08-14,0
2005-08-15,0
2005-08-16,2.79
2005-08-17,79.76
2005-08-18,0.76
2005-08-19,0
2005-08-20,0
2005-08-21,45.97
2005-08-22,0
2005-08-23,0
2005-08-24,0.51
2005-08-25,5.59
2005-08-26,0
2005-08-27,0
2005-08-28,0
2005-08-29,0
2005-08-30,0.25
2005-08-31,7.37
2005-09-01,40.89
2005-09-02,2.54
2005-09-03,0.25
2005-09-04,12.45
2005-09-05,0
2005-09-06,21.08
2005-09-07,0
2005-09-08,30.48
2005-09-09,6.86
2005-09-10,2.29
2005-09-11,2.03
2005-09-12,8.89
2005-09-13,20.83
2005-09-14,9.14
2005-09-15,18.29
2005-09-16,0
2005-09-17,0
2005-09-18,2.03
2005-09-19,0.76
2005-09-20,2.29
2005-09-21,8.38
2005-09-22,0
2005-09-23,0.25
2005-09-24,9.91
2005-09-25,5.59
2005-09-26,0
2005-09-27,2.29
2005-09-28,0
2005-09-29,0
2005-09-30,0
2005-10-01,0
2005-10-02,3.81
2005-10-03,0
2005-10-04,3.05
2005-10-05,0
2005-10-06,0
2005-10-07,14.48
2005-10-08,63.75
2005-10-09,1.78
2005-10-10,0
2005-10-11,0
2005-10-12,1.02
2005-10-13,0
2005-10-14,0.76
2005-10-15,19.05
2005-10-16,0.25
2005-10-17,0.51
2005-10-18,0.25
2005-10-19,0
2005-10-20,0
2005-10-21,0.51
2005-10-22,2.79
2005-10-23,11.18
2005-10-24,48.01
2005-10-25,52.07
2005-10-26,14.22
2005-10-27,0.25
2005-10-28,0
2005-10-29,2.79
2005-10-30,0.51
2005-10-31,0
2005-11-01,77.98
2005-11-02,28.96
2005-11-03,7.87
2005-11-04,0
2005-11-05,3.05
2005-11-06,0.25
2005-11-07,5.33
2005-11-08,12.45
2005-11-09,0.25
2005-11-10,25.65
2005-11-11,7.62
2005-11-12,0.25
2005-11-13,5.59
2005-11-14,18.54
2005-11-15,3.56
2005-11-16,10.92
2005-11-17,0.25
2005-11-18,0
2005-11-19,0
2005-11-20,1.52
2005-11-21,0
2005-11-22,5.33
2005-11-23,89.66
2005-11-24,9.14
2005-11-25,0.76
2005-11-26,0
2005-11-27,0
2005-11-28,0
2005-11-29,0
2005-11-30,0
2005-12-01,0
2005-12-02,2.03
2005-12-03,0
2005-12-04,0
2005-12-05,0
2005-12-06,0.25
2005-12-07,26.67
2005-12-08,11.18
2005-12-09,4.57
2005-12-10,15.24
2005-12-11,0.76
2005-12-12,17.53
2005-12-13,50.8
2005-12-14,1.52
2005-12-15,0.25
2005-12-16,0
2005-12-17,0
2005-12-18,3.81
2005-12-19,0.51
2005-12-20,0
2005-12-21,0.25
2005-12-22,0.25
2005-12-23,0
2005-12-24,0
2005-12-25,0
2005-12-26,6.1
2005-12-27,0.25
2005-12-28,0
2005-12-29,0.25
2005-12-30,0.76
2005-12-31,0
2006-01-01,1.52
2006-01-02,7.11
2006-01-03,0.25
2006-01-04,0
2006-01-05,0
2006-01-06,36.83
2006-01-07,1.02
2006-01-08,24.89
2006-01-09,5.33
2006-01-10,0.76
2006-01-11,1.78
2006-01-12,0
2006-01-13,0.51
2006-01-14,4.57
2006-01-15,100.33
2006-01-16,14.48
2006-01-17,0
2006-01-18,36.58
2006-01-19,2.79
2006-01-20,17.27
2006-01-21,0.25
2006-01-22,0
2006-01-23,0
2006-01-24,0.76
2006-01-25,4.57
2006-01-26,29.72
2006-01-27,4.83
2006-01-28,17.27
2006-01-29,10.92
2006-01-30,19.3
2006-01-31,48.01
2006-02-01,1.27
2006-02-02,0
2006-02-03,0
2006-02-04,0
2006-02-05,12.45
2006-02-06,8.64
2006-02-07,0.25
2006-02-08,0
2006-02-09,0
2006-02-10,0
2006-02-11,0
2006-02-12,2.79
2006-02-13,3.3
2006-02-14,20.07
2006-02-15,8.89
2006-02-16,4.06
2006-02-17,4.83
2006-02-18,18.03
2006-02-19,11.18
2006-02-20,4.83
2006-02-21,1.02
2006-02-22,0.76
2006-02-23,9.14
2006-02-24,22.35
2006-02-25,2.54
2006-02-26,0.25
2006-02-27,2.54
2006-02-28,0
2006-03-01,14.73
2006-03-02,0
2006-03-03,0
2006-03-04,9.14
2006-03-05,6.1
2006-03-06,0
2006-03-07,3.56
2006-03-08,14.99
2006-03-09,5.59
2006-03-10,17.02
2006-03-11,11.43
2006-03-12,7.11
2006-03-13,4.32
2006-03-14,1.27
2006-03-15,5.84
2006-03-16,6.35
2006-03-17,4.32
2006-03-18,1.27
2006-03-19,1.27
2006-03-20,0
2006-03-21,0
2006-03-22,70.61
2006-03-23,2.03
2006-03-24,17.78
2006-03-25,23.37
2006-03-26,0
2006-03-27,82.8
2006-03-28,70.61
2006-03-29,43.43
2006-03-30,30.73
2006-03-31,0.51
2006-04-01,3.81
2006-04-02,1.52
2006-04-03,0
2006-04-04,9.91
2006-04-05,0.25
2006-04-06,1.27
2006-04-07,0
2006-04-08,0
2006-04-09,0.76
2006-04-10,0.51
2006-04-11,34.8
2006-04-12,0
2006-04-13,0
2006-04-14,0
2006-04-15,0
2006-04-16,0
2006-04-17,0
2006-04-18,0
2006-04-19,0
2006-04-20,0
2006-04-21,5.08
2006-04-22,29.97
2006-04-23,5.08
2006-04-24,61.21
2006-04-25,13.46
2006-04-26,3.05
2006-04-27,0.25
2006-04-28,2.03
2006-04-29,8.64
2006-04-30,0.76
2006-05-01,0
2006-05-02,0
2006-05-03,0
2006-05-04,0.25
2006-05-05,18.29
2006-05-06,0
2006-05-07,0
2006-05-08,0
2006-05-09,11.94
2006-05-10,0.25
2006-05-11,0
2006-05-12,16.51
2006-05-13,4.32
2006-05-14,0.51
2006-05-15,0.76
2006-05-16,0
2006-05-17,0
2006-05-18,18.8
2006-05-19,0
2006-05-20,0
2006-05-21,0
2006-05-22,0
2006-05-23,0
2006-05-24,0
2006-05-25,0
2006-05-26,22.61
2006-05-27,19.81
2006-05-28,0
2006-05-29,2.03
2006-05-30,0
2006-05-31,0.51
2006-06-01,14.73
2006-06-02,0
2006-06-03,3.81
2006-06-04,0
2006-06-05,0
2006-06-06,23.62
2006-06-07,0.76
2006-06-08,0
2006-06-09,0
2006-06-10,10.92
2006-06-11,0
2006-06-12,0
2006-06-13,0
2006-06-14,9.65
2006-06-15,0.25
2006-06-16,0
2006-06-17,13.72
2006-06-18,0
2006-06-19,13.21
2006-06-20,5.84
2006-06-21,0.25
2006-06-22,0
2006-06-23,0
2006-06-24,0
2006-06-25,0
2006-06-26,1.52
2006-06-27,0.25
2006-06-28,47.75
2006-06-29,33.78
2006-06-30,13.72
2006-07-01,2.54
2006-07-02,25.4
2006-07-03,5.84
2006-07-04,15.49
2006-07-05,0
2006-07-06,1.52
2006-07-07,7.37
2006-07-08,22.35
2006-07-09,0.25
2006-07-10,1.52
2006-07-11,15.49
2006-07-12,12.95
2006-07-13,18.03
2006-07-14,18.29
2006-07-15,1.02
2006-07-16,19.05
2006-07-17,33.53
2006-07-18,0.25
2006-07-19,0
2006-07-20,15.49
2006-07-21,1.27
2006-07-22,22.1
2006-07-23,1.02
2006-07-24,0.25
2006-07-25,59.44
2006-07-26,20.07
2006-07-27,1.52
2006-07-28,0
2006-07-29,0.76
2006-07-30,0.51
2006-07-31,23.88
2006-08-01,1.02
2006-08-02,0.25
2006-08-03,0
2006-08-04,0
2006-08-05,28.19
2006-08-06,2.03
2006-08-07,21.84
2006-08-08,14.22
2006-08-09,0.25
2006-08-10,56.39
2006-08-11,2.79
2006-08-12,5.33
2006-08-13,0
2006-08-14,39.12
2006-08-15,11.43
2006-08-16,28.96
2006-08-17,0.25
2006-08-18,19.81
2006-08-19,6.86
2006-08-20,0.25
2006-08-21,0
2006-08-22,0
2006-08-23,2.03
2006-08-24,16
2006-08-25,72.39
2006-08-26,21.08
2006-08-27,0.25
2006-08-28,0
2006-08-29,0
2006-08-30,28.7
2006-08-31,0
2006-09-01,0
2006-09-02,0.51
2006-09-03,10.92
2006-09-04,0
2006-09-05,0
2006-09-06,4.32
2006-09-07,0.25
2006-09-08,0.25
2006-09-09,5.08
2006-09-10,0
2006-09-11,0
2006-09-12,2.54
2006-09-13,1.52
2006-09-14,4.57
2006-09-15,3.3
2006-09-16,0.25
2006-09-17,0
2006-09-18,0
2006-09-19,32
2006-09-20,1.27
2006-09-21,0
2006-09-22,0
2006-09-23,0.76
2006-09-24,22.61
2006-09-25,1.52
2006-09-26,3.3
2006-09-27,2.54
2006-09-28,33.27
2006-09-29,6.6
2006-09-30,4.06
2006-10-01,2.29
2006-10-02,4.06
2006-10-03,20.83
2006-10-04,7.62
2006-10-05,0
2006-10-06,0
2006-10-07,6.1
2006-10-08,12.45
2006-10-09,0.51
2006-10-10,0
2006-10-11,0
2006-10-12,0
2006-10-13,0
2006-10-14,8.89
2006-10-15,1.52
2006-10-16,0
2006-10-17,0.51
2006-10-18,0.25
2006-10-19,0
2006-10-20,48.51
2006-10-21,0
2006-10-22,0.25
2006-10-23,0
2006-10-24,0
2006-10-25,22.86
2006-10-26,54.1
2006-10-27,0
2006-10-28,1.02
2006-10-29,18.8
2006-10-30,0
2006-10-31,12.19
2006-11-01,0
2006-11-02,0
2006-11-03,0
2006-11-04,0.25
2006-11-05,7.37
2006-11-06,2.54
2006-11-07,24.89
2006-11-08,0
2006-11-09,2.54
2006-11-10,0.25
2006-11-11,0.76
2006-11-12,3.05
2006-11-13,38.61
2006-11-14,0
2006-11-15,0.25
2006-11-16,2.79
2006-11-17,5.33
2006-11-18,0.25
2006-11-19,3.05
2006-11-20,0
2006-11-21,17.53
2006-11-22,1.52
2006-11-23,0.51
2006-11-24,0.51
2006-11-25,0
2006-11-26,0.51
2006-11-27,20.83
2006-11-28,6.1
2006-11-29,28.96
2006-11-30,3.81
2006-12-01,7.37
2006-12-02,139.95
2006-12-03,1.52
2006-12-04,22.1
2006-12-05,0.76
2006-12-06,4.32
2006-12-07,9.91
2006-12-08,0
2006-12-09,0
2006-12-10,0.25
2006-12-11,4.57
2006-12-12,12.7
2006-12-13,0
2006-12-14,0
2006-12-15,9.65
2006-12-16,8.38
2006-12-17,11.43
2006-12-18,1.78
2006-12-19,5.08
2006-12-20,0
2006-12-21,0
2006-12-22,0
2006-12-23,7.87
2006-12-24,46.99
2006-12-25,4.83
2006-12-26,0.76
2006-12-27,2.54
2006-12-28,0.51
2006-12-29,5.08
2006-12-30,4.32
2006-12-31,15.49
2007-01-01,2.79
2007-01-02,2.79
2007-01-03,57.91
2007-01-04,7.87
2007-01-05,7.11
2007-01-06,0.51
2007-01-07,0
2007-01-08,4.83
2007-01-09,0.25
2007-01-10,0
2007-01-11,4.57
2007-01-12,15.49
2007-01-13,47.5
2007-01-14,64.52
2007-01-15,8.13
2007-01-16,16.76
2007-01-17,14.73
2007-01-18,17.78
2007-01-19,4.06
2007-01-20,3.05
2007-01-21,0.76
2007-01-22,2.54
2007-01-23,1.27
2007-01-24,0
2007-01-25,2.03
2007-01-26,18.29
2007-01-27,0
2007-01-28,0
2007-01-29,16.26
2007-01-30,6.35
2007-01-31,7.11
2007-02-01,0.25
2007-02-02,0
2007-02-03,0
2007-02-04,0
2007-02-05,0
2007-02-06,0
2007-02-07,0
2007-02-08,0
2007-02-09,0
2007-02-10,2.03
2007-02-11,0
2007-02-12,0
2007-02-13,0
2007-02-14,0
2007-02-15,0
2007-02-16,0
2007-02-17,0.25
2007-02-18,0
2007-02-19,12.95
2007-02-20,7.62
2007-02-21,0
2007-02-22,3.3
2007-02-23,2.03
2007-02-24,1.02
2007-02-25,0
2007-02-26,0
2007-02-27,0
2007-02-28,0
2007-03-01,6.1
2007-03-02,0
2007-03-03,0.25
2007-03-04,0
2007-03-05,6.86
2007-03-06,0
2007-03-07,0
2007-03-08,0.25
2007-03-09,0
2007-03-10,7.37
2007-03-11,12.7
2007-03-12,1.52
2007-03-13,1.27
2007-03-14,0
2007-03-15,0
2007-03-16,0.25
2007-03-17,0
2007-03-18,1.52
2007-03-19,3.81
2007-03-20,0
2007-03-21,0
2007-03-22,0
2007-03-23,0
2007-03-24,1.02
2007-03-25,10.67
2007-03-26,0
2007-03-27,0
2007-03-28,0
2007-03-29,0
2007-03-30,0
2007-03-31,0
2007-04-01,0.51
2007-04-02,4.06
2007-04-03,21.08
2007-04-04,2.03
2007-04-05,50.29
2007-04-06,12.7
2007-04-07,2.79
2007-04-08,0.25
2007-04-09,22.35
2007-04-10,1.02
2007-04-11,0
2007-04-12,0
2007-04-13,13.72
2007-04-14,5.33
2007-04-15,0
2007-04-16,2.03
2007-04-17,0
2007-04-18,0
2007-04-19,0
2007-04-20,0
2007-04-21,0
2007-04-22,0
2007-04-23,0
2007-04-24,16.76
2007-04-25,0
2007-04-26,14.99
2007-04-27,17.53
2007-04-28,3.56
2007-04-29,0
2007-04-30,0
2007-05-01,0
2007-05-02,6.86
2007-05-03,0
2007-05-04,0
2007-05-05,41.66
2007-05-06,43.94
2007-05-07,3.56
2007-05-08,0
2007-05-09,0
2007-05-10,0
2007-05-11,0
2007-05-12,0
2007-05-13,0.76
2007-05-14,2.29
2007-05-15,5.08
2007-05-16,3.56
2007-05-17,24.13
2007-05-18,55.12
2007-05-19,16.76
2007-05-20,3.3
2007-05-21,9.14
2007-05-22,1.02
2007-05-23,0.25
2007-05-24,10.16
2007-05-25,6.35
2007-05-26,0.51
2007-05-27,0
2007-05-28,0
2007-05-29,4.32
2007-05-30,0
2007-05-31,48.01
2007-06-01,0.25
2007-06-02,0
2007-06-03,0
2007-06-04,1.52
2007-06-05,0
2007-06-06,0
2007-06-07,0.25
2007-06-08,47.5
2007-06-09,36.83
2007-06-10,0
2007-06-11,0
2007-06-12,0
2007-06-13,0.25
2007-06-14,4.83
2007-06-15,0
2007-06-16,0
2007-06-17,0
2007-06-18,39.37
2007-06-19,5.84
2007-06-20,18.03
2007-06-21,0
2007-06-22,0
2007-06-23,14.22
2007-06-24,4.57
2007-06-25,40.64
2007-06-26,9.4
2007-06-27,9.65
2007-06-28,0.25
2007-06-29,8.13
2007-06-30,4.06
2007-07-01,0
2007-07-02,1.02
2007-07-03,1.52
2007-07-04,35.31
2007-07-05,80.26
2007-07-06,0.25
2007-07-07,3.81
2007-07-08,5.84
2007-07-09,0.51
2007-07-10,4.32
2007-07-11,3.3
2007-07-12,3.05
2007-07-13,0.25
2007-07-14,1.78
2007-07-15,0
2007-07-16,38.61
2007-07-17,22.1
2007-07-18,10.16
2007-07-19,9.14
2007-07-20,16.76
2007-07-21,0
2007-07-22,5.84
2007-07-23,0
2007-07-24,0
2007-07-25,0.51
2007-07-26,0.51
2007-07-27,0
2007-07-28,0
2007-07-29,0
2007-07-30,0
2007-07-31,0.25
2007-08-01,1.27
2007-08-02,26.42
2007-08-03,0
2007-08-04,0
2007-08-05,0
2007-08-06,3.3
2007-08-07,0
2007-08-08,0
2007-08-09,12.7
2007-08-10,8.64
2007-08-11,0
2007-08-12,8.13
2007-08-13,0
2007-08-14,0
2007-08-15,0
2007-08-16,7.37
2007-08-17,6.1
2007-08-18,2.79
2007-08-19,0
2007-08-20,0.25
2007-08-21,76.45
2007-08-22,0
2007-08-23,0.25
2007-08-24,16
2007-08-25,13.97
2007-08-26,2.03
2007-08-27,8.89
2007-08-28,17.27
2007-08-29,0
2007-08-30,0
2007-08-31,3.05
2007-09-01,0.25
2007-09-02,3.56
2007-09-03,9.4
2007-09-04,0
2007-09-05,0
2007-09-06,6.35
2007-09-07,0
2007-09-08,0.25
2007-09-09,0
2007-09-10,0
2007-09-11,0.25
2007-09-12,4.57
2007-09-13,0
2007-09-14,24.89
2007-09-15,0.76
2007-09-16,0.25
2007-09-17,0
2007-09-18,0
2007-09-19,6.6
2007-09-20,2.54
2007-09-21,0
2007-09-22,5.33
2007-09-23,0.25
2007-09-24,8.64
2007-09-25,0.25
2007-09-26,0
2007-09-27,7.37
2007-09-28,0.51
2007-09-29,0
2007-09-30,0
2007-10-01,9.91
2007-10-02,0.25
2007-10-03,6.35
2007-10-04,2.29
2007-10-05,0
2007-10-06,2.03
2007-10-07,1.27
2007-10-08,0
2007-10-09,0
2007-10-10,37.85
2007-10-11,0.25
2007-10-12,0
2007-10-13,0.76
2007-10-14,0
2007-10-15,0.25
2007-10-16,17.53
2007-10-17,3.05
2007-10-18,0
2007-10-19,0
2007-10-20,1.78
2007-10-21,2.54
2007-10-22,10.41
2007-10-23,0.25
2007-10-24,0.51
2007-10-25,3.3
2007-10-26,1.02
2007-10-27,0.25
2007-10-28,31.24
2007-10-29,0
2007-10-30,0
2007-10-31,0.76
2007-11-01,0
2007-11-02,0
2007-11-03,19.05
2007-11-04,28.19
2007-11-05,2.03
2007-11-06,25.65
2007-11-07,38.35
2007-11-08,74.17
2007-11-09,35.81
2007-11-10,15.24
2007-11-11,0
2007-11-12,0
2007-11-13,7.87
2007-11-14,29.72
2007-11-15,10.16
2007-11-16,1.02
2007-11-17,23.37
2007-11-18,20.07
2007-11-19,0
2007-11-20,36.07
2007-11-21,4.57
2007-11-22,1.78
2007-11-23,5.33
2007-11-24,0
2007-11-25,0.76
2007-11-26,0.25
2007-11-27,51.31
2007-11-28,7.87
2007-11-29,10.16
2007-11-30,4.57
2007-12-01,0
2007-12-02,0
2007-12-03,0
2007-12-04,9.65
2007-12-05,0.51
2007-12-06,10.41
2007-12-07,0
2007-12-08,10.67
2007-12-09,47.5
2007-12-10,43.43
2007-12-11,28.96
2007-12-12,0
2007-12-13,0
2007-12-14,0
2007-12-15,2.03
2007-12-16,0
2007-12-17,9.65
2007-12-18,0.51
2007-12-19,0
2007-12-20,4.83
2007-12-21,12.19
2007-12-22,37.85
2007-12-23,71.88
2007-12-24,41.4
2007-12-25,101.35
2007-12-26,0
2007-12-27,0
2007-12-28,50.55
2007-12-29,95
2007-12-30,7.37
2007-12-31,0.25
2008-01-01,4.57
2008-01-02,3.56
2008-01-03,46.99
2008-01-04,0.51
2008-01-05,2.54
2008-01-06,12.95
2008-01-07,12.7
2008-01-08,2.54
2008-01-09,0
2008-01-10,0
2008-01-11,0
2008-01-12,0
2008-01-13,0
2008-01-14,0
2008-01-15,16.51
2008-01-16,1.52
2008-01-17,0
2008-01-18,0
2008-01-19,0
2008-01-20,0
2008-01-21,17.78
2008-01-22,1.02
2008-01-23,0
2008-01-24,10.41
2008-01-25,8.13
2008-01-26,12.19
2008-01-27,44.45
2008-01-28,3.3
2008-01-29,0
2008-01-30,0
2008-01-31,0
2008-02-01,3.05
2008-02-02,0
2008-02-03,0
2008-02-04,0
2008-02-05,0
2008-02-06,0
2008-02-07,1.27
2008-02-08,0.25
2008-02-09,0
2008-02-10,14.22
2008-02-11,56.9
2008-02-12,10.92
2008-02-13,0.25
2008-02-14,16.76
2008-02-15,5.33
2008-02-16,3.3
2008-02-17,1.02
2008-02-18,13.46
2008-02-19,18.03
2008-02-20,6.35
2008-02-21,0
2008-02-22,0
2008-02-23,0
2008-02-24,3.05
2008-02-25,2.54
2008-02-26,0.76
2008-02-27,0
2008-02-28,0
2008-02-29,0.25
2008-03-01,5.33
2008-03-02,5.59
2008-03-03,0
2008-03-04,0.51
2008-03-05,0
2008-03-06,1.52
2008-03-07,0
2008-03-08,0.25
2008-03-09,1.52
2008-03-10,0.25
2008-03-11,0.25
2008-03-12,8.89
2008-03-13,0
2008-03-14,0
2008-03-15,0
2008-03-16,0
2008-03-17,7.62
2008-03-18,6.1
2008-03-19,0
2008-03-20,26.42
2008-03-21,14.73
2008-03-22,0.25
2008-03-23,0
2008-03-24,9.14
2008-03-25,24.89
2008-03-26,10.92
2008-03-27,0.76
2008-03-28,0
2008-03-29,0
2008-03-30,0
2008-03-31,0
2008-04-01,0
2008-04-02,0
2008-04-03,0
2008-04-04,0
2008-04-05,0
2008-04-06,1.52
2008-04-07,9.14
2008-04-08,0
2008-04-09,9.14
2008-04-10,16.51
2008-04-11,0
2008-04-12,0.25
2008-04-13,0
2008-04-14,2.29
2008-04-15,14.73
2008-04-16,2.29
2008-04-17,15.75
2008-04-18,17.78
2008-04-19,2.54
2008-04-20,14.22
2008-04-21,31.24
2008-04-22,0.51
2008-04-23,0.25
2008-04-24,1.78
2008-04-25,0.25
2008-04-26,0
2008-04-27,0.25
2008-04-28,0
2008-04-29,2.03
2008-04-30,15.75
2008-05-01,0
2008-05-02,0
2008-05-03,42.16
2008-05-04,0
2008-05-05,0
2008-05-06,0
2008-05-07,0
2008-05-08,18.29
2008-05-09,6.35
2008-05-10,0
2008-05-11,8.64
2008-05-12,0
2008-05-13,0
2008-05-14,1.27
2008-05-15,0
2008-05-16,27.43
2008-05-17,5.84
2008-05-18,1.78
2008-05-19,0
2008-05-20,2.54
2008-05-21,37.34
2008-05-22,0.51
2008-05-23,0.51
2008-05-24,5.33
2008-05-25,6.1
2008-05-26,26.42
2008-05-27,11.68
2008-05-28,1.27
2008-05-29,0
2008-05-30,0
2008-05-31,0
2008-06-01,1.78
2008-06-02,0
2008-06-03,0
2008-06-04,0
2008-06-05,0
2008-06-06,0
2008-06-07,14.73
2008-06-08,4.57
2008-06-09,10.92
2008-06-10,0
2008-06-11,0
2008-06-12,15.24
2008-06-13,1.78
2008-06-14,4.32
2008-06-15,1.27
2008-06-16,0
2008-06-17,0
2008-06-18,0
2008-06-19,0
2008-06-20,23.37
2008-06-21,13.21
2008-06-22,4.83
2008-06-23,23.11
2008-06-24,6.35
2008-06-25,13.21
2008-06-26,0
2008-06-27,0
2008-06-28,7.11
2008-06-29,0
2008-06-30,0
2008-07-01,0
2008-07-02,0
2008-07-03,32.26
2008-07-04,0
2008-07-05,25.4
2008-07-06,0
2008-07-07,7.62
2008-07-08,0.51
2008-07-09,14.73
2008-07-10,0
2008-07-11,25.15
2008-07-12,22.35
2008-07-13,0.25
2008-07-14,27.69
2008-07-15,30.73
2008-07-16,9.65
2008-07-17,0.76
2008-07-18,43.69
2008-07-19,0.51
2008-07-20,0
2008-07-21,10.67
2008-07-22,1.52
2008-07-23,0.25
2008-07-24,9.14
2008-07-25,52.83
2008-07-26,89.92
2008-07-27,6.35
2008-07-28,0
2008-07-29,0
2008-07-30,0
2008-07-31,0
2008-08-01,0
2008-08-02,0
2008-08-03,0.25
2008-08-04,1.52
2008-08-05,2.03
2008-08-06,2.79
2008-08-07,90.93
2008-08-08,0.25
2008-08-09,0
2008-08-10,6.6
2008-08-11,1.02
2008-08-12,0.25
2008-08-13,0.25
2008-08-14,0
2008-08-15,2.54
2008-08-16,0
2008-08-17,1.02
2008-08-18,0.25
2008-08-19,3.05
2008-08-20,28.19
2008-08-21,32.51
2008-08-22,10.92
2008-08-23,1.02
2008-08-24,33.27
2008-08-25,2.29
2008-08-26,0
2008-08-27,0
2008-08-28,0
2008-08-29,14.73
2008-08-30,0.76
2008-08-31,0.25
2008-09-01,0
2008-09-02,0
2008-09-03,0
2008-09-04,6.35
2008-09-05,0
2008-09-06,7.62
2008-09-07,0
2008-09-08,0
2008-09-09,5.08
2008-09-10,0
2008-09-11,0
2008-09-12,0.25
2008-09-13,5.33
2008-09-14,0
2008-09-15,0
2008-09-16,9.4
2008-09-17,0.25
2008-09-18,13.72
2008-09-19,2.03
2008-09-20,4.57
2008-09-21,9.14
2008-09-22,11.18
2008-09-23,0.25
2008-09-24,0
2008-09-25,0
2008-09-26,0
2008-09-27,45.97
2008-09-28,39.37
2008-09-29,3.81
2008-09-30,2.29
2008-10-01,0
2008-10-02,22.1
2008-10-03,3.3
2008-10-04,0
2008-10-05,3.3
2008-10-06,0
2008-10-07,0
2008-10-08,27.18
2008-10-09,0.25
2008-10-10,0
2008-10-11,12.7
2008-10-12,0.51
2008-10-13,1.27
2008-10-14,1.52
2008-10-15,0.51
2008-10-16,1.02
2008-10-17,0
2008-10-18,0
2008-10-19,0
2008-10-20,0
2008-10-21,1.52
2008-10-22,5.08
2008-10-23,1.27
2008-10-24,13.97
2008-10-25,0
2008-10-26,4.57
2008-10-27,5.59
2008-10-28,6.35
2008-10-29,20.83
2008-10-30,6.6
2008-10-31,17.27
2008-11-01,69.85
2008-11-02,0.76
2008-11-03,0
2008-11-04,17.78
2008-11-05,0
2008-11-06,0
2008-11-07,0
2008-11-08,0
2008-11-09,59.18
2008-11-10,10.92
2008-11-11,4.57
2008-11-12,0
2008-11-13,0.25
2008-11-14,0
2008-11-15,0
2008-11-16,6.35
2008-11-17,4.83
2008-11-18,35.56
2008-11-19,155.45
2008-11-20,54.61
2008-11-21,12.45
2008-11-22,226.82
2008-11-23,156.46
2008-11-24,166.37
2008-11-25,17.53
2008-11-26,2.29
2008-11-27,20.83
2008-11-28,7.62
2008-11-29,0
2008-11-30,0.76
2008-12-01,0
2008-12-02,9.91
2008-12-03,9.14
2008-12-04,39.88
2008-12-05,3.05
2008-12-06,0
2008-12-07,0
2008-12-08,0
2008-12-09,0
2008-12-10,0
2008-12-11,0
2008-12-12,0
2008-12-13,0
2008-12-14,0
2008-12-15,0.51
2008-12-16,11.18
2008-12-17,8.13
2008-12-18,19.56
2008-12-19,1.02
2008-12-20,5.33
2008-12-21,17.02
2008-12-22,6.86
2008-12-23,4.32
2008-12-24,0.76
2008-12-25,39.12
2008-12-26,31.75
2008-12-27,9.4
2008-12-28,4.06
2008-12-29,0.51
2008-12-30,1.02
2008-12-31,0
2009-01-01,18.29
2009-01-02,6.35
2009-01-03,2.29
2009-01-04,0.51
2009-01-05,9.65
2009-01-06,12.45
2009-01-07,11.68
2009-01-08,0.76
2009-01-09,3.3
2009-01-10,0
2009-01-11,0
2009-01-12,4.83
2009-01-13,11.68
2009-01-14,5.08
2009-01-15,5.08
2009-01-16,0.25
2009-01-17,0
2009-01-18,0
2009-01-19,1.02
2009-01-20,4.32
2009-01-21,71.12
2009-01-22,0.51
2009-01-23,0.25
2009-01-24,33.02
2009-01-25,13.21
2009-01-26,19.3
2009-01-27,0.76
2009-01-28,54.36
2009-01-29,0.25
2009-01-30,0
2009-01-31,16.51
2009-02-01,3.3
2009-02-02,9.91
2009-02-03,49.02
2009-02-04,114.55
2009-02-05,66.8
2009-02-06,77.22
2009-02-07,24.13
2009-02-08,37.08
2009-02-09,1.52
2009-02-10,2.54
2009-02-11,0
2009-02-12,33.27
2009-02-13,55.63
2009-02-14,0
2009-02-15,2.03
2009-02-16,0
2009-02-17,4.57
2009-02-18,0
2009-02-19,3.05
2009-02-20,79.76
2009-02-21,6.35
2009-02-22,5.33
2009-02-23,59.94
2009-02-24,11.43
2009-02-25,0.25
2009-02-26,0.76
2009-02-27,6.6
2009-02-28,2.29
2009-03-01,0.25
2009-03-02,7.87
2009-03-03,22.86
2009-03-04,15.75
2009-03-05,20.57
2009-03-06,36.58
2009-03-07,25.65
2009-03-08,147.07
2009-03-09,60.2
2009-03-10,1.02
2009-03-11,0
2009-03-12,0
2009-03-13,1.02
2009-03-14,0.51
2009-03-15,0
2009-03-16,8.13
2009-03-17,18.03
2009-03-18,0
2009-03-19,0
2009-03-20,0
2009-03-21,5.33
2009-03-22,0
2009-03-23,1.02
2009-03-24,0
2009-03-25,0
2009-03-26,0
2009-03-27,0.51
2009-03-28,1.02
2009-03-29,0
2009-03-30,0.25
2009-03-31,4.06
2009-04-01,0
2009-04-02,22.86
2009-04-03,0
2009-04-04,0
2009-04-05,0
2009-04-06,0
2009-04-07,4.57
2009-04-08,2.79
2009-04-09,1.52
2009-04-10,0
2009-04-11,0.25
2009-04-12,23.62
2009-04-13,0.25
2009-04-14,4.57
2009-04-15,0
2009-04-16,2.03
2009-04-17,0.25
2009-04-18,0.51
2009-04-19,0
2009-04-20,13.72
2009-04-21,10.41
2009-04-22,17.53
2009-04-23,36.83
2009-04-24,5.08
2009-04-25,6.35
2009-04-26,9.65
2009-04-27,23.62
2009-04-28,16.26
2009-04-29,9.4
2009-04-30,3.3
2009-05-01,30.48
2009-05-02,36.58
2009-05-03,1.02
2009-05-04,0
2009-05-05,3.05
2009-05-06,2.03
2009-05-07,48.51
2009-05-08,0
2009-05-09,2.03
2009-05-10,4.06
2009-05-11,75.69
2009-05-12,163.58
2009-05-13,2.79
2009-05-14,28.19
2009-05-15,0.51
2009-05-16,0
2009-05-17,0
2009-05-18,0
2009-05-19,5.84
2009-05-20,0
2009-05-21,33.02
2009-05-22,2.79
2009-05-23,3.81
2009-05-24,1.52
2009-05-25,0
2009-05-26,2.79
2009-05-27,8.38
2009-05-28,0
2009-05-29,0
2009-05-30,0.51
2009-05-31,1.02
2009-06-01,0.51
2009-06-02,0.25
2009-06-03,1.78
2009-06-04,1.02
2009-06-05,5.84
2009-06-06,5.08
2009-06-07,0
2009-06-08,0
2009-06-09,17.02
2009-06-10,0.51
2009-06-11,4.06
2009-06-12,0.25
2009-06-13,29.46
2009-06-14,3.05
2009-06-15,0
2009-06-16,0
2009-06-17,1.02
2009-06-18,2.03
2009-06-19,11.43
2009-06-20,0
2009-06-21,0.25
2009-06-22,1.52
2009-06-23,0
2009-06-24,1.52
2009-06-25,0
2009-06-26,0
2009-06-27,0
2009-06-28,0
2009-06-29,0
2009-06-30,0
2009-07-01,0.76
2009-07-02,6.35
2009-07-03,6.1
2009-07-04,5.84
2009-07-05,0
2009-07-06,0.25
2009-07-07,1.02
2009-07-08,2.54
2009-07-09,9.65
2009-07-10,37.85
2009-07-11,6.1
2009-07-12,0
2009-07-13,7.87
2009-07-14,9.4
2009-07-15,12.45
2009-07-16,16.26
2009-07-17,32.77
2009-07-18,40.39
2009-07-19,49.53
2009-07-20,18.29
2009-07-21,0.25
2009-07-22,0.51
2009-07-23,12.95
2009-07-24,42.42
2009-07-25,1.02
2009-07-26,23.88
2009-07-27,7.62
2009-07-28,4.06
2009-07-29,29.46
2009-07-30,18.29
2009-07-31,2.03
2009-08-01,0.51
2009-08-02,38.35
2009-08-03,1.27
2009-08-04,36.58
2009-08-05,69.34
2009-08-06,17.27
2009-08-07,2.54
2009-08-08,0.25
2009-08-09,47.24
2009-08-10,7.62
2009-08-11,1.02
2009-08-12,5.08
2009-08-13,7.37
2009-08-14,17.02
2009-08-15,0
2009-08-16,0
2009-08-17,1.02
2009-08-18,0.76
2009-08-19,1.78
2009-08-20,0.76
2009-08-21,15.49
2009-08-22,0
2009-08-23,8.89
2009-08-24,2.54
2009-08-25,0
2009-08-26,0
2009-08-27,1.02
2009-08-28,9.91
2009-08-29,37.34
2009-08-30,0.25
2009-08-31,0
2009-09-01,0.51
2009-09-02,0.51
2009-09-03,40.39
2009-09-04,0.25
2009-09-05,0
2009-09-06,12.19
2009-09-07,4.83
2009-09-08,13.97
2009-09-09,23.37
2009-09-10,1.02
2009-09-11,17.78
2009-09-12,6.35
2009-09-13,0
2009-09-14,0
2009-09-15,0
2009-09-16,0
2009-09-17,3.3
2009-09-18,0
2009-09-19,0
2009-09-20,2.03
2009-09-21,10.67
2009-09-22,0.76
2009-09-23,0.25
2009-09-24,0
2009-09-25,0
2009-09-26,9.91
2009-09-27,8.13
2009-09-28,0
2009-09-29,0
2009-09-30,0
2009-10-01,14.22
2009-10-02,27.43
2009-10-03,42.16
2009-10-04,5.08
2009-10-05,0
2009-10-06,0
2009-10-07,7.37
2009-10-08,99.31
2009-10-09,0.25
2009-10-10,4.32
2009-10-11,0.76
2009-10-12,7.62
2009-10-13,1.02
2009-10-14,5.08
2009-10-15,0
2009-10-16,8.89
2009-10-17,0.76
2009-10-18,0
2009-10-19,2.29
2009-10-20,22.35
2009-10-21,1.02
2009-10-22,0
2009-10-23,35.05
2009-10-24,4.57
2009-10-25,1.02
2009-10-26,0.25
2009-10-27,0.76
2009-10-28,29.46
2009-10-29,0
2009-10-30,0
2009-10-31,5.08
2009-11-01,33.78
2009-11-02,12.7
2009-11-03,2.29
2009-11-04,8.13
2009-11-05,27.18
2009-11-06,0.25
2009-11-07,0
2009-11-08,0
2009-11-09,4.57
2009-11-10,34.29
2009-11-11,11.18
2009-11-12,4.57
2009-11-13,10.67
2009-11-14,28.45
2009-11-15,0
2009-11-16,26.42
2009-11-17,63.75
2009-11-18,5.59
2009-11-19,12.45
2009-11-20,23.88
2009-11-21,9.4
2009-11-22,15.49
2009-11-23,15.75
2009-11-24,3.05
2009-11-25,3.3
2009-11-26,0
2009-11-27,18.54
2009-11-28,52.58
2009-11-29,0
2009-11-30,11.43
2009-12-01,4.32
2009-12-02,0.51
2009-12-03,4.57
2009-12-04,20.07
2009-12-05,0
2009-12-06,0.76
2009-12-07,11.68
2009-12-08,3.3
2009-12-09,0
2009-12-10,0
2009-12-11,58.42
2009-12-12,13.21
2009-12-13,26.42
2009-12-14,7.11
2009-12-15,5.59
2009-12-16,1.27
2009-12-17,4.06
2009-12-18,0
2009-12-19,6.6
2009-12-20,2.03
2009-12-21,0.51
2009-12-22,0
2009-12-23,0
2009-12-24,0
2009-12-25,0
2009-12-26,0.25
2009-12-27,0
2009-12-28,1.27
2009-12-29,14.48
2009-12-30,5.84
2009-12-31,2.29
2010-01-01,2.29
2010-01-02,31.24
2010-01-03,0
2010-01-04,0
2010-01-05,3.3
2010-01-06,0.25
2010-01-07,0
2010-01-08,17.27
2010-01-09,0
2010-01-10,3.81
2010-01-11,100.33
2010-01-12,39.88
2010-01-13,9.65
2010-01-14,2.29
2010-01-15,0
2010-01-16,0
2010-01-17,2.03
2010-01-18,0.51
2010-01-19,6.1
2010-01-20,0.51
2010-01-21,0.25
2010-01-22,0
2010-01-23,0
2010-01-24,0
2010-01-25,0
2010-01-26,0
2010-01-27,4.57
2010-01-28,6.1
2010-01-29,43.69
2010-01-30,0.25
2010-01-31,0
2010-02-01,4.32
2010-02-02,0.76
2010-02-03,3.56
2010-02-04,0
2010-02-05,0
2010-02-06,0.25
2010-02-07,3.05
2010-02-08,3.3
2010-02-09,2.03
2010-02-10,4.57
2010-02-11,1.02
2010-02-12,0
2010-02-13,4.57
2010-02-14,0
2010-02-15,0
2010-02-16,3.3
2010-02-17,11.68
2010-02-18,1.02
2010-02-19,12.19
2010-02-20,0.76
2010-02-21,1.02
2010-02-22,0
2010-02-23,0
2010-02-24,0
2010-02-25,53.85
2010-02-26,28.45
2010-02-27,6.6
2010-02-28,6.35
2010-03-01,2.79
2010-03-02,0
2010-03-03,17.53
2010-03-04,110.74
2010-03-05,116.84
2010-03-06,13.21
2010-03-07,11.43
2010-03-08,1.02
2010-03-09,0
2010-03-10,0
2010-03-11,0
2010-03-12,0
2010-03-13,0
2010-03-14,0
2010-03-15,0
2010-03-16,0
2010-03-17,0
2010-03-18,0
2010-03-19,15.49
2010-03-20,8.13
2010-03-21,0
2010-03-22,22.1
2010-03-23,14.48
2010-03-24,0
2010-03-25,0
2010-03-26,0
2010-03-27,12.95
2010-03-28,0.25
2010-03-29,0
2010-03-30,0
2010-03-31,4.32
2010-04-01,0
2010-04-02,2.03
2010-04-03,9.91
2010-04-04,0
2010-04-05,0
2010-04-06,2.54
2010-04-07,12.19
2010-04-08,0.76
2010-04-09,23.37
2010-04-10,28.19
2010-04-11,51.82
2010-04-12,4.06
2010-04-13,9.91
2010-04-14,0.25
2010-04-15,11.68
2010-04-16,0
2010-04-17,0
2010-04-18,0
2010-04-19,0
2010-04-20,0
2010-04-21,0.25
2010-04-22,0
2010-04-23,4.83
2010-04-24,0.51
2010-04-25,89.15
2010-04-26,0
2010-04-27,0
2010-04-28,0.51
2010-04-29,0
2010-04-30,2.54
2010-05-01,1.27
2010-05-02,37.08
2010-05-03,0
2010-05-04,0
2010-05-05,12.7
2010-05-06,10.16
2010-05-07,0.51
2010-05-08,1.02
2010-05-09,13.46
2010-05-10,0
2010-05-11,46.48
2010-05-12,5.59
2010-05-13,25.4
2010-05-14,23.37
2010-05-15,53.85
2010-05-16,0
2010-05-17,0
2010-05-18,5.59
2010-05-19,6.1
2010-05-20,17.27
2010-05-21,0
2010-05-22,2.54
2010-05-23,76.96
2010-05-24,25.15
2010-05-25,0.25
2010-05-26,0.25
2010-05-27,44.96
2010-05-28,0
2010-05-29,5.08
2010-05-30,14.22
2010-05-31,9.14
2010-06-01,8.89
2010-06-02,0.25
2010-06-03,0
2010-06-04,0
2010-06-05,0.25
2010-06-06,13.21
2010-06-07,0.25
2010-06-08,2.54
2010-06-09,2.54
2010-06-10,3.05
2010-06-11,0.25
2010-06-12,0
2010-06-13,3.05
2010-06-14,2.29
2010-06-15,0.25
2010-06-16,7.37
2010-06-17,5.59
2010-06-18,0.76
2010-06-19,7.37
2010-06-20,0
2010-06-21,0.51
2010-06-22,1.02
2010-06-23,76.2
2010-06-24,0
2010-06-25,34.04
2010-06-26,0.25
2010-06-27,30.23
2010-06-28,0
2010-06-29,0
2010-06-30,0
2010-07-01,27.69
2010-07-02,0.76
2010-07-03,0.25
2010-07-04,0.25
2010-07-05,4.32
2010-07-06,0.25
2010-07-07,4.57
2010-07-08,0.51
2010-07-09,0
2010-07-10,0.76
2010-07-11,1.78
2010-07-12,4.83
2010-07-13,0.51
2010-07-14,4.83
2010-07-15,7.87
2010-07-16,6.86
2010-07-17,0
2010-07-18,0
2010-07-19,0
2010-07-20,0
2010-07-21,0
2010-07-22,0.51
2010-07-23,9.91
2010-07-24,4.32
2010-07-25,3.81
2010-07-26,0.25
2010-07-27,0
2010-07-28,23.88
2010-07-29,0
2010-07-30,0.76
2010-07-31,11.18
2010-08-01,4.83
2010-08-02,0
2010-08-03,40.89
2010-08-04,0.25
2010-08-05,10.41
2010-08-06,0
2010-08-07,3.3
2010-08-08,0.51
2010-08-09,14.22
2010-08-10,0.51
2010-08-11,5.59
2010-08-12,23.88
2010-08-13,0.25
2010-08-14,0
2010-08-15,0
2010-08-16,15.24
2010-08-17,0.25
2010-08-18,0
2010-08-19,6.35
2010-08-20,16.51
2010-08-21,12.7
2010-08-22,12.95
2010-08-23,0.51
2010-08-24,0
2010-08-25,0
2010-08-26,0
2010-08-27,69.6
2010-08-28,2.03
2010-08-29,0
2010-08-30,0
2010-08-31,1.78
2010-09-01,0
2010-09-02,1.52
2010-09-03,4.83
2010-09-04,0.51
2010-09-05,0
2010-09-06,0.76
2010-09-07,0
2010-09-08,7.62
2010-09-09,0
2010-09-10,0
2010-09-11,0
2010-09-12,6.86
2010-09-13,1.78
2010-09-14,0.76
2010-09-15,51.05
2010-09-16,0
2010-09-17,3.56
2010-09-18,2.79
2010-09-19,0
2010-09-20,0.25
2010-09-21,0.25
2010-09-22,0.25
2010-09-23,0
2010-09-24,0
2010-09-25,4.57
2010-09-26,0.25
2010-09-27,0
2010-09-28,0
2010-09-29,1.52
2010-09-30,0
2010-10-01,2.29
2010-10-02,0
2010-10-03,8.13
2010-10-04,15.49
2010-10-05,1.78
2010-10-06,0
2010-10-07,0
2010-10-08,0
2010-10-09,0
2010-10-10,0
2010-10-11,0
2010-10-12,1.52
2010-10-13,0
2010-10-14,17.53
2010-10-15,4.06
2010-10-16,7.11
2010-10-17,6.35
2010-10-18,0.76
2010-10-19,0
2010-10-20,0
2010-10-21,0
2010-10-22,0.76
2010-10-23,17.27
2010-10-24,0.25
2010-10-25,0
2010-10-26,2.54
2010-10-27,0.25
2010-10-28,0.76
2010-10-29,7.87
2010-10-30,5.84
2010-10-31,13.21
2010-11-01,17.27
2010-11-02,7.37
2010-11-03,26.16
2010-11-04,21.59
2010-11-05,23.62
2010-11-06,7.62
2010-11-07,55.88
2010-11-08,3.56
2010-11-09,0
2010-11-10,0
2010-11-11,0
2010-11-12,9.91
2010-11-13,17.02
2010-11-14,0.25
2010-11-15,0
2010-11-16,0
2010-11-17,0
2010-11-18,0
2010-11-19,0.76
2010-11-20,10.67
2010-11-21,28.45
2010-11-22,20.32
2010-11-23,88.14
2010-11-24,2.54
2010-11-25,0.25
2010-11-26,11.18
2010-11-27,16
2010-11-28,4.83
2010-11-29,21.34
2010-11-30,44.2
2010-12-01,114.81
2010-12-02,19.81
2010-12-03,0.51
2010-12-04,0
2010-12-05,0.51
2010-12-06,13.72
2010-12-07,14.48
2010-12-08,0.25
2010-12-09,27.43
2010-12-10,5.59
2010-12-11,0
2010-12-12,0
2010-12-13,46.74
2010-12-14,21.84
2010-12-15,0.51
2010-12-16,3.3
2010-12-17,0
2010-12-18,0
2010-12-19,0
2010-12-20,66.29
2010-12-21,0.25
2010-12-22,0
2010-12-23,0
2010-12-24,4.32
2010-12-25,2.29
2010-12-26,53.59
2010-12-27,13.46
2010-12-28,42.16
2010-12-29,8.64
2010-12-30,6.35
2010-12-31,6.86
2011-01-01,7.62
2011-01-02,35.31
2011-01-03,6.1
2011-01-04,0.25
2011-01-05,10.41
2011-01-06,1.27
2011-01-07,6.6
2011-01-08,0
2011-01-09,0
2011-01-10,2.03
2011-01-11,23.62
2011-01-12,47.75
2011-01-13,9.65
2011-01-14,33.02
2011-01-15,9.14
2011-01-16,0
2011-01-17,0.76
2011-01-18,0.25
2011-01-19,0
2011-01-20,0
2011-01-21,0
2011-01-22,0.51
2011-01-23,0
2011-01-24,0
2011-01-25,0.25
2011-01-26,0
2011-01-27,7.62
2011-01-28,0
2011-01-29,5.08
2011-01-30,0
2011-01-31,3.05
2011-02-01,3.3
2011-02-02,0.76
2011-02-03,13.46
2011-02-04,8.13
2011-02-05,12.45
2011-02-06,0
2011-02-07,0
2011-02-08,0
2011-02-09,4.32
2011-02-10,0.25
2011-02-11,0
2011-02-12,0
2011-02-13,149.61
2011-02-14,32.26
2011-02-15,14.48
2011-02-16,2.29
2011-02-17,1.02
2011-02-18,0.51
2011-02-19,0.51
2011-02-20,0.51
2011-02-21,0.76
2011-02-22,0.25
2011-02-23,8.89
2011-02-24,0
2011-02-25,0
2011-02-26,34.04
2011-02-27,80.52
2011-02-28,54.86
2011-03-01,161.04
2011-03-02,0.25
2011-03-03,0
2011-03-04,5.59
2011-03-05,0
2011-03-06,0
2011-03-07,0.76
2011-03-08,0
2011-03-09,0
2011-03-10,0
2011-03-11,0
2011-03-12,0
2011-03-13,5.08
2011-03-14,0
2011-03-15,1.27
2011-03-16,2.29
2011-03-17,7.87
2011-03-18,3.05
2011-03-19,0.76
2011-03-20,5.59
2011-03-21,3.56
2011-03-22,6.6
2011-03-23,7.11
2011-03-24,0.25
2011-03-25,0
2011-03-26,0.25
2011-03-27,0
2011-03-28,0
2011-03-29,5.84
2011-03-30,0
2011-03-31,0
2011-04-01,0
2011-04-02,0
2011-04-03,15.49
2011-04-04,0
2011-04-05,1.02
2011-04-06,30.23
2011-04-07,25.91
2011-04-08,8.13
2011-04-09,27.94
2011-04-10,17.02
2011-04-11,7.37
2011-04-12,8.13
2011-04-13,0
2011-04-14,0
2011-04-15,0
2011-04-16,0
2011-04-17,42.67
2011-04-18,0
2011-04-19,4.57
2011-04-20,0.25
2011-04-21,0
2011-04-22,3.3
2011-04-23,0.76
2011-04-24,0.25
2011-04-25,0
2011-04-26,10.16
2011-04-27,0
2011-04-28,0
2011-04-29,0
2011-04-30,12.19
2011-05-01,0
2011-05-02,0
2011-05-03,0.25
2011-05-04,20.32
2011-05-05,64.77
2011-05-06,22.61
2011-05-07,21.59
2011-05-08,59.69
2011-05-09,40.13
2011-05-10,1.78
2011-05-11,0.25
2011-05-12,0.76
2011-05-13,0
2011-05-14,0.25
2011-05-15,0
2011-05-16,0
2011-05-17,0
2011-05-18,0
2011-05-19,0
2011-05-20,0
2011-05-21,0
2011-05-22,0
2011-05-23,62.74
2011-05-24,0.25
2011-05-25,0
2011-05-26,0
2011-05-27,0
2011-05-28,2.29
2011-05-29,19.56
2011-05-30,9.91
2011-05-31,7.11
2011-06-01,1.02
2011-06-02,9.65
2011-06-03,2.79
2011-06-04,0
2011-06-05,1.78
2011-06-06,0.25
2011-06-07,0
2011-06-08,0
2011-06-09,0
2011-06-10,0
2011-06-11,22.86
2011-06-12,0.25
2011-06-13,16.51
2011-06-14,2.79
2011-06-15,26.16
2011-06-16,0.25
2011-06-17,0.51
2011-06-18,3.3
2011-06-19,0.25
2011-06-20,4.32
2011-06-21,0
2011-06-22,0
2011-06-23,1.02
2011-06-24,24.89
2011-06-25,2.29
2011-06-26,1.27
2011-06-27,0.25
2011-06-28,3.81
2011-06-29,0
2011-06-30,0
2011-07-01,0.51
2011-07-02,5.08
2011-07-03,0.25
2011-07-04,1.52
2011-07-05,0
2011-07-06,0.25
2011-07-07,0
2011-07-08,0
2011-07-09,0.25
2011-07-10,13.72
2011-07-11,89.15
2011-07-12,23.62
2011-07-13,0.25
2011-07-14,10.67
2011-07-15,9.65
2011-07-16,1.02
2011-07-17,0
2011-07-18,7.37
2011-07-19,0
2011-07-20,0
2011-07-21,12.95
2011-07-22,10.92
2011-07-23,17.53
2011-07-24,0.51
2011-07-25,18.54
2011-07-26,0
2011-07-27,0
2011-07-28,2.29
2011-07-29,36.07
2011-07-30,18.54
2011-07-31,0
2011-08-01,0.25
2011-08-02,0
2011-08-03,0.25
2011-08-04,0
2011-08-05,0
2011-08-06,1.27
2011-08-07,1.52
2011-08-08,0
2011-08-09,0
2011-08-10,5.59
2011-08-11,27.43
2011-08-12,0
2011-08-13,2.03
2011-08-14,0.51
2011-08-15,0
2011-08-16,0.76
2011-08-17,2.79
2011-08-18,0
2011-08-19,0
2011-08-20,0.51
2011-08-21,1.27
2011-08-22,6.86
2011-08-23,0
2011-08-24,0
2011-08-25,0
2011-08-26,0
2011-08-27,0
2011-08-28,0
2011-08-29,20.57
2011-08-30,0.25
2011-08-31,0
2011-09-01,50.04
2011-09-02,0
2011-09-03,0
2011-09-04,2.54
2011-09-05,0
2011-09-06,0
2011-09-07,0
2011-09-08,2.03
2011-09-09,0
2011-09-10,11.94
2011-09-11,7.87
2011-09-12,9.4
2011-09-13,33.53
2011-09-14,0
2011-09-15,0.76
2011-09-16,0
2011-09-17,23.37
2011-09-18,0
2011-09-19,8.89
2011-09-20,1.02
2011-09-21,0.25
2011-09-22,0
2011-09-23,0
2011-09-24,0
2011-09-25,33.27
2011-09-26,0.51
2011-09-27,0
2011-09-28,0
2011-09-29,5.59
2011-09-30,0
2011-10-01,19.3
2011-10-02,0.25
2011-10-03,11.43
2011-10-04,14.22
2011-10-05,0
2011-10-06,0.51
2011-10-07,0.51
2011-10-08,13.21
2011-10-09,0
2011-10-10,0
2011-10-11,4.83
2011-10-12,0.51
2011-10-13,35.81
2011-10-14,35.56
2011-10-15,4.57
2011-10-16,4.06
2011-10-17,0
2011-10-18,0.76
2011-10-19,0.25
2011-10-20,44.2
2011-10-21,1.52
2011-10-22,1.78
2011-10-23,0
2011-10-24,2.54
2011-10-25,5.59
2011-10-26,2.03
2011-10-27,3.81
2011-10-28,10.67
2011-10-29,0.51
2011-10-30,2.54
2011-10-31,9.91
2011-11-01,0
2011-11-02,4.06
2011-11-03,3.3
2011-11-04,2.03
2011-11-05,1.78
2011-11-06,3.81
2011-11-07,9.91
2011-11-08,0.51
2011-11-09,1.52
2011-11-10,13.97
2011-11-11,1.78
2011-11-12,24.38
2011-11-13,15.24
2011-11-14,10.67
2011-11-15,0
2011-11-16,0
2011-11-17,0
2011-11-18,0
2011-11-19,4.57
2011-11-20,3.3
2011-11-21,10.92
2011-11-22,8.38
2011-11-23,0.76
2011-11-24,0
2011-11-25,0
2011-11-26,7.11
2011-11-27,3.3
2011-11-28,9.65
2011-11-29,8.13
2011-11-30,22.1
2011-12-01,44.45
2011-12-02,18.54
2011-12-03,5.33
2011-12-04,7.37
2011-12-05,10.41
2011-12-06,0
2011-12-07,0
2011-12-08,0
2011-12-09,0
2011-12-10,0
2011-12-11,72.39
2011-12-12,7.62
2011-12-13,11.43
2011-12-14,40.13
2011-12-15,16.76
2011-12-16,30.99
2011-12-17,98.3
2011-12-18,12.95
2011-12-19,6.35
2011-12-20,5.84
2011-12-21,0.76
2011-12-22,0.76
2011-12-23,42.93
2011-12-24,26.92
2011-12-25,22.61
2011-12-26,3.05
2011-12-27,0
2011-12-28,0.76
2011-12-29,0
2011-12-30,0.25
2011-12-31,0
2012-01-01,2.79
2012-01-02,0.25
2012-01-03,4.06
2012-01-04,13.97
2012-01-05,9.65
2012-01-06,1.27
2012-01-07,2.79
2012-01-08,0.51
2012-01-09,0
2012-01-10,0
2012-01-11,0
2012-01-12,0
2012-01-13,6.6
2012-01-14,1.52
2012-01-15,37.34
2012-01-16,5.59
2012-01-17,1.78
2012-01-18,0.25
2012-01-19,1.78
2012-01-20,5.08
2012-01-21,0
2012-01-22,0
2012-01-23,0
2012-01-24,0
2012-01-25,2.29
2012-01-26,5.33
2012-01-27,6.35
2012-01-28,0
2012-01-29,2.29
2012-01-30,12.7
2012-01-31,9.65
2012-02-01,1.02
2012-02-02,0.25
2012-02-03,0.25
2012-02-04,0.76
2012-02-05,0
2012-02-06,3.3
2012-02-07,3.05
2012-02-08,20.57
2012-02-09,2.54
2012-02-10,0.25
2012-02-11,0
2012-02-12,11.68
2012-02-13,0
2012-02-14,0
2012-02-15,0
2012-02-16,0.51
2012-02-17,0
2012-02-18,0
2012-02-19,0
2012-02-20,12.19
2012-02-21,0
2012-02-22,0
2012-02-23,0
2012-02-24,0
2012-02-25,16
2012-02-26,12.95
2012-02-27,10.41
2012-02-28,25.4
2012-02-29,6.1
2012-03-01,1.78
2012-03-02,0
2012-03-03,0
2012-03-04,2.29
2012-03-05,15.24
2012-03-06,45.97
2012-03-07,11.68
2012-03-08,6.86
2012-03-09,2.29
2012-03-10,2.54
2012-03-11,0.25
2012-03-12,5.33
2012-03-13,19.05
2012-03-14,11.18
2012-03-15,13.21
2012-03-16,6.1
2012-03-17,33.53
2012-03-18,55.88
2012-03-19,4.57
2012-03-20,4.06
2012-03-21,0
2012-03-22,2.54
2012-03-23,1.02
2012-03-24,0
2012-03-25,0
2012-03-26,0
2012-03-27,0
2012-03-28,0
2012-03-29,0
2012-03-30,0
2012-03-31,1.52
2012-04-01,0
2012-04-02,0
2012-04-03,2.03
2012-04-04,9.14
2012-04-05,0
2012-04-06,30.99
2012-04-07,0
2012-04-08,6.86
2012-04-09,0
2012-04-10,0
2012-04-11,0
2012-04-12,0
2012-04-13,0
2012-04-14,0
2012-04-15,0
2012-04-16,0
2012-04-17,0
2012-04-18,0
2012-04-19,0
2012-04-20,0
2012-04-21,0
2012-04-22,0
2012-04-23,0
2012-04-24,0
2012-04-25,0
2012-04-26,0
2012-04-27,0
2012-04-28,0
2012-04-29,0
2012-04-30,0
2012-05-01,0
2012-05-02,0
2012-05-03,0
2012-05-04,0
2012-05-05,0
2012-05-06,0
2012-05-07,0
2012-05-08,0
2012-05-09,0
2012-05-10,0
2012-05-11,0
2012-05-12,0
2012-05-13,0
2012-05-14,0
2012-05-15,0
2012-05-16,0
2012-05-17,0
2012-05-18,0
2012-05-19,0
2012-05-20,25.15
2012-05-21,0.51
2012-05-22,0
2012-05-23,0.25
2012-05-24,0.76
2012-05-25,0.25
2012-05-26,0
2012-05-27,0
2012-05-28,0
2012-05-29,1.27
2012-05-30,3.05
2012-05-31,0.25
2012-06-01,0
2012-06-02,1.27
2012-06-03,0
2012-06-04,0
2012-06-05,0.51
2012-06-06,4.57
2012-06-07,1.52
2012-06-08,1.27
2012-06-09,8.89
2012-06-10,0.76
2012-06-11,138.18
2012-06-12,1.78
2012-06-13,0.25
2012-06-14,0.25
2012-06-15,0
2012-06-16,7.87
2012-06-17,0.51
2012-06-18,0.25
2012-06-19,0.25
2012-06-20,0
2012-06-21,0
2012-06-22,0
2012-06-23,0
2012-06-24,2.54
2012-06-25,0
2012-06-26,7.62
2012-06-27,0.25
2012-06-28,10.92
2012-06-29,1.02
2012-06-30,0
2012-07-01,12.7
2012-07-02,4.83
2012-07-03,25.65
2012-07-04,0
2012-07-05,28.96
2012-07-06,0
2012-07-07,3.3
2012-07-08,0.76
2012-07-09,7.11
2012-07-10,4.32
2012-07-11,8.38
2012-07-12,2.29
2012-07-13,0
2012-07-14,9.14
2012-07-15,24.13
2012-07-16,0
2012-07-17,1.27
2012-07-18,7.37
2012-07-19,10.41
2012-07-20,22.61
2012-07-21,2.29
2012-07-22,2.79
2012-07-23,12.19
2012-07-24,119.38
2012-07-25,2.54
2012-07-26,0.76
2012-07-27,27.69
2012-07-28,66.3
2012-07-29,48.52
2012-07-30,22.36
2012-07-31,0.51
2012-08-01,3.81
2012-08-02,19.3
2012-08-03,0
2012-08-04,0
2012-08-05,0
2012-08-06,0
2012-08-07,0
2012-08-08,0
2012-08-09,0
2012-08-10,19.3
2012-08-11,0
2012-08-12,5.33
2012-08-13,0
2012-08-14,1.02
2012-08-15,0
2012-08-16,9.65
2012-08-17,9.14
2012-08-18,0.25
2012-08-19,0
2012-08-20,0
2012-08-21,0
2012-08-22,0.51
2012-08-23,10.67
2012-08-24,0
2012-08-25,0
2012-08-26,0
2012-08-27,0
2012-08-28,0
2012-08-29,32.01
2012-08-30,0
2012-08-31,6.6
2012-09-01,0
2012-09-02,33.53
2012-09-03,0.25
2012-09-04,0.25
2012-09-05,0
2012-09-06,0
2012-09-07,0.76
2012-09-08,4.32
2012-09-09,0
2012-09-10,18.29
2012-09-11,2.03
2012-09-12,11.94
2012-09-13,6.1
2012-09-14,3.3
2012-09-15,0
2012-09-16,0
2012-09-17,20.32
2012-09-18,0.25
2012-09-19,0
2012-09-20,0
2012-09-21,2.54
2012-09-22,0
2012-09-23,0
2012-09-24,6.86
2012-09-25,0
2012-09-26,0
2012-09-27,0
2012-09-28,11.18
2012-09-29,0
2012-09-30,28.2
2012-10-01,0.25
2012-10-02,29.46
2012-10-03,0
2012-10-04,8.38
2012-10-05,20.83
2012-10-06,0
2012-10-07,0
2012-10-08,14.22
2012-10-09,0
2012-10-10,2.03
2012-10-11,7.11
2012-10-12,1.27
2012-10-13,5.33
2012-10-14,16
2012-10-15,22.61
2012-10-16,0.25
2012-10-17,0
2012-10-18,0
2012-10-19,2.29
2012-10-20,0.25
2012-10-21,0.76
2012-10-22,6.35
2012-10-23,1.27
2012-10-24,1.78
2012-10-25,20.57
2012-10-26,0
2012-10-27,8.13
2012-10-28,0
2012-10-29,0
2012-10-30,0
2012-10-31,0.25
2012-11-01,0.25
2012-11-02,0
2012-11-03,1.52
2012-11-04,23.63
2012-11-05,0.25
2012-11-06,1.78
2012-11-07,3.81
2012-11-08,32.77
2012-11-09,4.57
2012-11-10,13.72
2012-11-11,24.38
2012-11-12,3.81
2012-11-13,0
2012-11-14,102.86
2012-11-15,1.52
2012-11-16,0.51
2012-11-17,9.4
2012-11-18,19.05
2012-11-19,4.83
2012-11-20,7.87
2012-11-21,52.32
2012-11-22,37.59
2012-11-23,9.91
2012-11-24,5.08
2012-11-25,65.28
2012-11-26,4.57
2012-11-27,0.51
2012-11-28,75.95
2012-11-29,53.59
2012-11-30,0
2012-12-01,0
2012-12-02,0
2012-12-03,0.51
2012-12-04,0
2012-12-05,0.76
2012-12-06,0
2012-12-07,0
2012-12-08,0
2012-12-09,0.25
2012-12-10,0.25
2012-12-11,0
2012-12-12,0.25
2012-12-13,0
2012-12-14,19.56
2012-12-15,3.05
2012-12-16,0
2012-12-17,0
2012-12-18,4.06
2012-12-19,1.02
2012-12-20,21.08
2012-12-21,16
2012-12-22,17.78
2012-12-23,31.24
2012-12-24,18.8
2012-12-25,6.6
2012-12-26,0
2012-12-27,63
2012-12-28,8.13
2012-12-29,14.99
2012-12-30,39.63
2012-12-31,19.81
2013-01-01,6.6
2013-01-02,0.25
2013-01-03,7.62
2013-01-04,0.25
2013-01-05,1.27
2013-01-06,0
2013-01-07,1.27
2013-01-08,0.25
